,Relacao Bloco,Relacao Base Toda
0,96.39639639639638,43.55855855855861
1,100.0,60.65040650406503
2,100.0,83.33333333333334
3,100.0,62.5
4,100.0,71.42857142857143
5,100.0,83.33333333333334
6,100.0,72.77777777777779
7,100.0,100.0
8,100.0,25.0
9,100.0,41.66666666666667
10,100.0,61.11111111111111
11,100.0,83.33333333333334
12,100.0,82.43589743589743
13,100.0,100.0
14,100.0,75.0
15,100.0,73.14814814814814
16,100.0,100.0
17,100.0,100.0
18,100.0,75.0
19,100.0,75.0
20,100.0,91.11111111111111
21,100.0,83.33333333333334
22,100.0,100.0
23,100.0,76.92307692307693
24,100.0,50.83333333333333
25,100.0,75.0
26,100.0,80.0
27,98.27586206896551,68.85057471264369
28,100.0,73.33333333333334
29,100.0,73.88888888888889
30,100.0,48.33333333333334
31,100.0,85.0
32,100.0,57.29166666666667
33,100.0,100.0
34,100.0,67.85714285714286
35,100.0,87.5925925925926
36,100.0,100.0
37,100.0,77.19298245614034
38,100.0,67.03703703703704
39,100.0,100.0
40,100.0,71.0
41,100.0,100.0
42,100.0,77.77777777777777
43,100.0,80.0
44,100.0,50.0
45,100.0,50.0
46,100.0,79.16666666666666
47,100.0,72.14285714285714
48,100.0,71.42857142857143
49,100.0,59.583333333333336
50,100.0,77.77777777777777
51,100.0,72.22222222222221
52,100.0,51.33333333333333
53,80.0,46.666666666666664
54,100.0,100.0
55,100.0,52.77777777777778
56,100.0,29.166666666666664
57,100.0,53.333333333333336
58,100.0,91.66666666666666
59,100.0,75.0
60,100.0,70.0
61,100.0,59.00000000000001
62,100.0,66.66666666666666
63,100.0,100.0
64,100.0,75.0
65,100.0,66.66666666666666
66,100.0,53.333333333333336
67,100.0,68.75
68,100.0,75.0
69,100.0,62.33333333333333
70,100.0,78.33333333333333
71,100.0,83.33333333333334
72,100.0,100.0
73,100.0,70.0
74,100.0,62.5
75,100.0,75.12820512820511
76,100.0,47.70833333333334
77,100.0,50.0
78,100.0,52.22222222222223
79,100.0,45.83333333333333
80,100.0,75.0
81,100.0,37.22222222222222
82,100.0,75.0
83,100.0,59.24242424242424
84,100.0,50.0
85,100.0,55.00000000000001
86,100.0,86.66666666666666
87,100.0,75.0
88,100.0,63.33333333333334
89,92.85714285714286,60.95238095238095
90,100.0,100.0
91,100.0,78.46153846153847
92,100.0,80.55555555555554
93,100.0,81.25
94,100.0,65.79999999999998
95,100.0,55.45454545454545
96,100.0,66.66666666666666
97,100.0,87.5
98,100.0,75.0
99,91.66666666666666,70.83333333333334
100,100.0,72.91666666666666
101,100.0,72.5
102,100.0,95.0
103,100.0,65.25641025641026
104,100.0,80.60606060606061
105,100.0,58.33333333333333
106,100.0,87.5
107,100.0,20.0
108,100.0,100.0
109,100.0,100.0
110,100.0,26.666666666666668
111,100.0,76.66666666666666
112,100.0,91.66666666666666
113,100.0,70.0
114,100.0,66.66666666666666
115,100.0,20.0
116,100.0,83.33333333333334
117,100.0,70.83333333333333
118,100.0,41.666666666666664
119,100.0,34.0
120,100.0,74.54545454545453
121,90.47619047619048,68.88888888888887
122,94.44444444444444,78.33333333333333
123,100.0,70.0
124,100.0,52.380952380952394
125,94.11764705882352,71.27450980392157
126,100.0,62.83333333333333
127,97.50000000000001,59.999999999999986
128,100.0,67.42063492063491
129,100.0,100.0
130,100.0,75.0
131,100.0,100.0
132,100.0,50.0
133,100.0,88.88888888888889
134,100.0,33.33333333333333
135,100.0,82.63888888888889
136,100.0,93.33333333333333
137,100.0,80.0
138,100.0,100.0
139,100.0,38.888888888888886
140,100.0,100.0
141,100.0,75.0
142,100.0,62.5
143,100.0,71.66666666666666
144,100.0,59.166666666666664
145,100.0,84.72222222222223
146,100.0,83.83333333333333
147,100.0,20.0
148,100.0,34.444444444444436
149,100.0,70.83333333333334
150,100.0,70.0
151,100.0,83.33333333333333
152,100.0,100.0
153,100.0,33.33333333333333
154,100.0,100.0
155,100.0,60.0
156,100.0,60.71428571428571
157,100.0,58.333333333333336
158,100.0,76.66666666666666
159,100.0,78.33333333333333
160,100.0,50.0
161,100.0,20.0
162,100.0,50.0
163,100.0,62.5
164,100.0,75.0
165,100.0,61.66666666666667
166,100.0,41.666666666666664
167,100.0,41.25
168,100.0,87.5
169,100.0,56.42857142857143
170,100.0,33.33333333333333
171,100.0,41.666666666666664
172,100.0,100.0
173,100.0,76.1904761904762
174,100.0,100.0
175,100.0,50.0
176,100.0,20.0
177,100.0,100.0
178,100.0,80.0
179,100.0,61.66666666666667
180,100.0,67.5
181,100.0,100.0
182,100.0,100.0
183,100.0,68.75
184,100.0,75.0
185,100.0,87.5
186,100.0,90.0
187,80.0,70.0
188,100.0,62.962962962962955
189,100.0,61.111111111111114
190,100.0,100.0
191,100.0,75.0
192,100.0,63.57142857142858
193,100.0,83.33333333333333
194,93.75,72.91666666666667
195,100.0,52.33333333333333
196,100.0,100.0
197,100.0,50.0
198,100.0,54.0
199,100.0,100.0
200,100.0,100.0
201,100.0,75.20833333333333
202,100.0,86.66666666666666
203,100.0,66.66666666666666
204,100.0,60.0
205,100.0,100.0
206,100.0,83.33333333333334
207,100.0,70.83333333333333
208,100.0,33.33333333333333
209,100.0,66.66666666666667
210,100.0,25.0
211,100.0,87.5
212,100.0,82.5
213,100.0,62.03703703703704
214,100.0,50.0
215,100.0,75.0
216,100.0,66.66666666666666
217,100.0,38.333333333333336
218,100.0,63.05555555555556
219,100.0,82.5
220,100.0,68.88888888888889
221,100.0,36.33333333333333
222,100.0,65.0
223,100.0,54.166666666666664
224,100.0,81.25
225,100.0,100.0
226,100.0,83.33333333333334
227,100.0,46.666666666666664
228,100.0,83.75
229,100.0,100.0
230,100.0,70.0
231,100.0,77.77777777777777
232,100.0,70.0
233,100.0,63.75000000000001
234,100.0,66.66666666666666
235,100.0,77.77777777777777
236,50.0,50.0
237,100.0,50.0
238,100.0,88.88888888888889
239,100.0,90.0
240,100.0,100.0
241,100.0,60.416666666666664
242,100.0,76.66666666666666
243,100.0,76.1904761904762
244,88.88888888888889,78.33333333333333
245,100.0,76.85185185185186
246,100.0,78.50877192982458
247,100.0,85.41666666666666
248,100.0,100.0
249,100.0,77.22222222222223
250,100.0,50.83333333333333
251,100.0,83.33333333333333
252,92.3076923076923,75.64102564102562
253,100.0,77.77777777777777
254,75.0,50.0
255,100.0,66.66666666666666
256,100.0,62.42424242424243
257,100.0,70.29411764705881
258,100.0,35.0
259,100.0,33.33333333333333
260,100.0,66.66666666666666
261,100.0,80.0
262,100.0,91.66666666666666
263,100.0,100.0
264,100.0,87.5
265,100.0,81.25
266,100.0,75.0
267,100.0,80.0
268,100.0,83.33333333333334
269,100.0,93.33333333333333
270,100.0,70.0
271,88.88888888888889,47.03703703703705
272,100.0,72.0
273,100.0,91.66666666666666
274,83.33333333333334,50.555555555555564
275,100.0,80.0
276,100.0,41.666666666666664
277,100.0,91.66666666666666
278,100.0,88.125
279,100.0,83.33333333333334
280,100.0,62.5
281,100.0,69.44444444444446
282,100.0,100.0
283,66.66666666666666,50.0
284,100.0,100.0
285,100.0,50.0
286,100.0,66.66666666666666
287,100.0,50.0
288,100.0,75.0
289,74.99999999999999,28.749999999999996
290,100.0,50.0
291,100.0,65.0
292,100.0,73.33333333333334
293,100.0,66.19047619047619
294,100.0,59.833333333333336
295,100.0,61.92307692307693
296,100.0,78.125
297,100.0,68.88888888888887
298,100.0,88.88888888888889
299,100.0,94.44444444444443
300,100.0,100.0
301,100.0,61.111111111111114
302,100.0,77.77777777777777
303,100.0,45.714285714285715
304,100.0,79.10256410256409
305,100.0,83.33333333333333
306,100.0,40.0
307,100.0,100.0
308,100.0,68.07692307692308
309,100.0,76.30952380952381
310,100.0,64.72222222222223
311,100.0,75.0
312,100.0,35.0
313,100.0,55.20833333333333
314,100.0,75.0
315,100.0,100.0
316,100.0,66.66666666666666
317,100.0,100.0
318,100.0,52.77777777777778
319,100.0,50.0
320,100.0,35.0
321,100.0,100.0
322,100.0,70.55555555555554
323,100.0,85.00000000000001
324,100.0,88.88888888888889
325,100.0,85.0
326,100.0,65.0
327,100.0,100.0
328,100.0,56.666666666666664
329,100.0,100.0
330,100.0,20.0
331,100.0,100.0
332,100.0,80.55555555555557
333,100.0,79.16666666666666
334,100.0,100.0
335,100.0,63.21428571428572
336,100.0,100.0
337,100.0,83.33333333333333
338,100.0,33.33333333333333
339,100.0,80.83333333333333
340,87.5,62.083333333333336
341,100.0,75.0
342,100.0,100.0
343,100.0,61.66666666666668
344,100.0,75.41666666666667
345,100.0,87.5
346,100.0,76.48148148148147
347,100.0,84.00000000000001
348,100.0,28.749999999999996
349,100.0,100.0
350,100.0,51.11111111111111
351,100.0,50.0
352,100.0,58.333333333333336
353,100.0,87.5
354,100.0,76.38888888888889
355,100.0,72.97619047619047
356,100.0,100.0
357,100.0,100.0
358,100.0,100.0
359,100.0,100.0
360,100.0,100.0
361,100.0,58.33333333333333
362,100.0,50.0
363,100.0,41.666666666666664
364,100.0,90.0
365,100.0,50.0
366,100.0,33.33333333333333
367,100.0,88.88888888888889
368,100.0,62.5
369,87.49999999999999,45.20833333333334
370,66.66666666666666,66.66666666666666
371,100.0,100.0
372,100.0,50.0
373,100.0,83.33333333333333
374,100.0,50.0
375,100.0,82.22222222222223
376,100.0,87.5
377,100.0,60.0
378,100.0,68.75
379,100.0,62.5
380,100.0,100.0
381,100.0,40.0
382,100.0,57.08333333333333
383,100.0,69.44444444444446
384,100.0,47.222222222222214
385,100.0,81.875
386,100.0,62.5
387,100.0,54.0
388,100.0,82.22222222222223
389,100.0,87.03703703703704
390,100.0,93.75
391,100.0,40.0
392,100.0,36.11111111111111
393,100.0,66.66666666666666
394,100.0,76.66666666666666
395,100.0,79.16666666666666
396,100.0,70.66666666666667
397,100.0,33.33333333333333
398,100.0,50.0
399,100.0,74.16666666666666
400,100.0,64.76190476190476
401,100.0,80.0
402,100.0,100.0
403,100.0,66.66666666666666
404,100.0,81.25
405,100.0,100.0
406,100.0,40.0
407,100.0,83.33333333333333
408,100.0,72.22222222222221
409,100.0,33.33333333333333
410,100.0,76.80555555555556
411,100.0,33.33333333333333
412,100.0,73.33333333333333
413,100.0,100.0
414,100.0,91.66666666666666
415,100.0,58.333333333333336
416,100.0,100.0
417,100.0,76.92307692307693
418,100.0,87.5
419,100.0,75.5952380952381
420,98.33333333333333,84.61111111111113
421,100.0,100.0
422,100.0,74.16666666666669
423,96.0,76.53333333333333
424,100.0,70.0
425,100.0,90.5128205128205
426,91.30434782608694,77.17391304347827
427,100.0,60.0
428,100.0,100.0
429,100.0,50.0
430,100.0,75.0
431,100.0,60.66666666666667
432,100.0,100.0
433,100.0,75.0
434,100.0,63.33333333333333
435,100.0,100.0
436,100.0,72.22222222222221
437,100.0,83.33333333333333
438,100.0,73.33333333333334
439,100.0,71.66666666666667
440,100.0,62.5
441,100.0,62.5
442,100.0,85.25641025641026
443,100.0,67.85714285714286
444,100.0,70.60606060606061
445,100.0,72.77777777777777
446,100.0,70.625
447,100.0,100.0
448,100.0,69.44444444444446
449,100.0,67.85714285714286
450,100.0,100.0
451,100.0,59.00000000000001
452,100.0,100.0
453,100.0,70.76923076923076
454,100.0,70.87719298245614
455,100.0,60.66666666666667
456,100.0,67.83333333333333
457,100.0,36.11111111111111
458,100.0,100.0
459,100.0,86.0
460,100.0,70.83333333333333
461,100.0,70.0
462,100.0,60.0
463,100.0,52.77777777777778
464,100.0,70.0
465,100.0,100.0
466,100.0,88.88888888888889
467,100.0,60.0
468,100.0,63.33333333333333
469,100.0,100.0
470,100.0,50.0
471,100.0,33.33333333333333
472,100.0,55.714285714285715
473,100.0,71.2962962962963
474,100.0,51.11111111111111
475,100.0,94.44444444444444
476,100.0,66.66666666666666
477,83.33333333333334,56.94444444444444
478,100.0,77.27272727272727
479,100.0,100.0
480,100.0,66.66666666666666
481,100.0,90.0
482,100.0,25.0
483,100.0,50.0
484,100.0,61.66666666666667
485,83.33333333333334,59.166666666666664
486,100.0,50.0
487,100.0,65.0
488,85.7142857142857,54.04761904761906
489,75.0,57.50000000000001
490,100.0,75.0
491,100.0,25.0
492,100.0,81.875
493,100.0,61.66666666666667
494,100.0,80.0
495,100.0,76.66666666666667
496,100.0,45.0
497,66.66666666666666,37.77777777777778
498,100.0,61.45833333333333
499,100.0,88.54166666666666
500,100.0,100.0
501,100.0,62.5
502,100.0,81.94444444444446
503,100.0,80.0
504,92.85714285714286,70.23809523809524
505,100.0,74.80392156862746
506,100.0,66.66666666666666
507,100.0,68.75
508,100.0,85.83333333333331
509,100.0,63.888888888888886
510,100.0,33.33333333333333
511,100.0,33.33333333333333
512,100.0,62.03703703703704
513,100.0,72.22222222222221
514,88.88888888888889,62.962962962962955
515,100.0,100.0
516,100.0,88.88888888888889
517,100.0,66.66666666666666
518,100.0,61.25000000000001
519,100.0,52.08333333333333
520,100.0,75.0
521,100.0,66.66666666666666
522,100.0,63.888888888888886
523,100.0,72.5
524,100.0,95.0
525,100.0,83.33333333333334
526,100.0,51.11111111111111
527,100.0,82.5
528,100.0,100.0
529,100.0,62.5
530,100.0,84.375
531,100.0,60.0
532,100.0,80.0
533,100.0,100.0
534,100.0,75.0
535,100.0,75.0
536,100.0,100.0
537,100.0,100.0
538,100.0,83.33333333333334
539,100.0,87.5
540,90.9090909090909,72.42424242424242
541,100.0,100.0
542,100.0,71.66666666666667
543,100.0,100.0
544,100.0,68.75
545,100.0,70.0
546,100.0,56.666666666666664
547,100.0,100.0
548,50.0,50.0
549,100.0,100.0
550,100.0,83.33333333333334
551,100.0,57.50000000000001
552,100.0,66.66666666666666
553,100.0,37.5
554,100.0,87.5
555,100.0,66.66666666666666
556,100.0,75.0
557,75.0,55.41666666666667
558,100.0,50.0
559,100.0,75.0
560,100.0,75.0
561,100.0,50.0
562,100.0,33.33333333333333
563,100.0,41.666666666666664
564,100.0,75.0
565,100.0,100.0
566,100.0,50.0
567,100.0,50.0
568,100.0,87.5
569,100.0,33.33333333333333
570,100.0,62.5
571,100.0,25.0
572,100.0,75.0
573,100.0,37.5
574,100.0,60.0
575,100.0,50.0
576,75.0,27.916666666666668
577,100.0,50.0
578,100.0,89.30555555555556
579,100.0,81.66666666666667
580,100.0,77.17948717948718
581,100.0,80.0
582,100.0,89.0909090909091
583,100.0,100.0
584,100.0,69.77777777777779
585,96.29629629629628,91.91358024691358
586,90.9090909090909,76.36363636363637
587,100.0,88.61111111111111
588,100.0,76.42857142857142
589,100.0,66.66666666666666
590,100.0,58.333333333333336
591,100.0,78.33333333333333
592,100.0,43.75
593,100.0,51.66666666666666
594,100.0,100.0
595,100.0,60.00000000000001
596,100.0,76.66666666666667
597,100.0,37.5
598,100.0,100.0
599,100.0,100.0
600,100.0,80.0
601,100.0,71.66666666666667
602,83.33333333333334,75.0
603,100.0,83.33333333333334
604,100.0,51.11111111111111
605,100.0,75.0
606,95.0,67.75
607,100.0,66.66666666666667
608,100.0,74.58333333333333
609,100.0,90.74074074074073
610,100.0,56.666666666666664
611,100.0,68.0
612,100.0,87.5
613,100.0,88.88888888888889
614,100.0,55.55555555555556
615,100.0,20.0
616,100.0,66.66666666666666
617,100.0,100.0
618,100.0,88.75
619,100.0,63.88888888888889
620,100.0,72.22222222222221
621,100.0,82.22222222222221
622,100.0,66.42857142857143
623,100.0,100.0
624,100.0,100.0
625,100.0,64.54545454545455
626,100.0,68.75
627,100.0,100.0
628,100.0,25.0
629,100.0,100.0
630,100.0,100.0
631,100.0,75.0
632,75.0,66.66666666666666
633,100.0,33.33333333333333
634,100.0,70.0
635,100.0,60.0
636,100.0,75.0
637,100.0,86.1111111111111
638,100.0,88.88888888888889
639,100.0,83.74999999999999
640,100.0,100.0
641,100.0,100.0
642,100.0,55.166666666666664
643,100.0,50.0
644,100.0,55.833333333333336
645,100.0,83.33333333333333
646,100.0,61.11111111111111
647,100.0,50.0
648,100.0,83.33333333333334
649,100.0,45.0
650,80.0,56.666666666666664
651,100.0,76.66666666666666
652,100.0,100.0
653,100.0,78.57142857142856
654,100.0,71.11111111111111
655,100.0,100.0
656,100.0,68.33333333333333
657,100.0,55.333333333333336
658,100.0,62.5
659,100.0,29.166666666666664
660,100.0,41.66666666666667
661,100.0,68.33333333333333
662,100.0,75.55555555555556
663,100.0,90.0
664,100.0,50.0
665,100.0,87.5
666,100.0,66.66666666666666
667,100.0,35.0
668,100.0,25.0
669,100.0,100.0
670,100.0,33.33333333333333
671,100.0,33.33333333333333
672,100.0,41.666666666666664
673,100.0,100.0
674,100.0,80.0
675,100.0,33.33333333333333
676,100.0,100.0
677,100.0,25.0
678,100.0,56.666666666666664
679,100.0,59.00000000000001
680,100.0,33.33333333333333
681,100.0,100.0
682,100.0,33.33333333333333
683,100.0,83.33333333333333
684,100.0,66.66666666666666
685,100.0,100.0
686,100.0,100.0
687,100.0,50.0
688,100.0,100.0
689,100.0,83.33333333333334
690,100.0,43.75
691,100.0,50.0
692,100.0,54.44444444444445
693,100.0,57.12121212121212
694,100.0,50.0
695,100.0,69.44444444444446
696,100.0,100.0
697,100.0,75.0
698,100.0,91.66666666666666
699,100.0,69.55555555555554
700,100.0,100.0
701,75.0,56.25
702,100.0,82.5
703,100.0,66.66666666666666
704,100.0,62.5
705,100.0,87.5
706,100.0,100.0
707,100.0,100.0
708,100.0,100.0
709,100.0,52.77777777777778
710,75.0,58.33333333333333
711,100.0,33.33333333333333
712,100.0,57.49999999999999
713,100.0,100.0
714,100.0,50.0
715,100.0,66.66666666666666
716,100.0,100.0
717,100.0,62.5
718,83.33333333333331,73.6111111111111
719,100.0,87.5
720,100.0,100.0
721,100.0,84.52380952380952
722,100.0,100.0
723,100.0,100.0
724,100.0,61.11111111111111
725,100.0,80.0
726,100.0,67.72727272727272
727,100.0,50.0
728,100.0,33.33333333333333
729,100.0,90.0
730,100.0,87.5
731,100.0,83.83333333333333
732,100.0,74.99999999999999
733,100.0,84.58333333333333
734,100.0,75.0
735,100.0,93.75
736,100.0,100.0
737,100.0,100.0
738,100.0,33.33333333333333
739,100.0,66.66666666666666
740,100.0,67.29166666666666
741,100.0,100.0
742,100.0,100.0
743,100.0,50.0
744,100.0,100.0
745,100.0,100.0
746,100.0,69.44444444444443
747,100.0,26.666666666666668
748,100.0,87.5
749,100.0,20.0
750,100.0,33.33333333333333
751,100.0,75.0
752,100.0,41.666666666666664
753,100.0,100.0
754,100.0,100.0
755,100.0,90.0
756,100.0,50.0
757,100.0,20.0
758,100.0,100.0
759,100.0,26.666666666666668
760,100.0,100.0
761,100.0,50.0
762,100.0,100.0
763,100.0,80.0
764,100.0,20.0
765,100.0,100.0
766,100.0,40.0
767,100.0,50.0
768,100.0,100.0
769,100.0,100.0
770,100.0,100.0
771,100.0,100.0
772,100.0,87.5
773,100.0,100.0
774,100.0,100.0
775,100.0,66.66666666666667
776,100.0,76.99999999999999
777,100.0,87.5
778,100.0,87.5
779,100.0,44.00000000000001
780,100.0,50.0
781,100.0,100.0
782,100.0,75.0
783,100.0,100.0
784,100.0,20.0
785,100.0,60.0
786,100.0,40.0
787,100.0,61.111111111111114
788,100.0,88.57142857142856
789,100.0,100.0
790,100.0,20.0
791,100.0,20.0
792,100.0,100.0
793,100.0,70.0
794,100.0,75.0
795,100.0,50.0
796,100.0,63.33333333333333
797,100.0,100.0
798,100.0,100.0
799,100.0,100.0
800,100.0,100.0
801,100.0,43.333333333333336
802,100.0,25.0
803,100.0,59.523809523809526
804,100.0,100.0
805,100.0,100.0
806,100.0,40.0
807,100.0,60.0
808,80.0,66.66666666666667
809,100.0,66.66666666666666
810,100.0,66.66666666666666
811,100.0,33.33333333333333
812,100.0,100.0
813,100.0,58.333333333333336
814,100.0,50.0
815,100.0,83.33333333333333
816,100.0,50.0
817,100.0,100.0
818,100.0,80.30303030303031
819,100.0,71.42857142857143
820,83.33333333333334,54.166666666666664
821,100.0,75.0
822,100.0,75.0
823,100.0,73.33333333333334
824,100.0,73.95833333333333
825,100.0,100.0
826,87.5,57.29166666666667
827,100.0,61.11111111111111
828,100.0,100.0
829,100.0,100.0
830,89.47368421052632,69.73684210526316
831,100.0,51.66666666666667
832,100.0,100.0
833,100.0,53.333333333333336
834,100.0,61.11111111111111
835,100.0,58.33333333333333
836,100.0,61.11111111111111
837,100.0,40.0
838,100.0,20.0
839,100.0,100.0
840,100.0,100.0
841,100.0,50.0
842,100.0,75.0
843,100.0,66.66666666666666
844,100.0,64.58333333333333
845,100.0,61.90476190476192
846,100.0,72.91666666666666
847,100.0,100.0
848,100.0,83.33333333333331
849,100.0,75.0
850,100.0,90.625
851,100.0,83.33333333333334
852,100.0,100.0
853,100.0,100.0
854,100.0,100.0
855,100.0,100.0
856,100.0,88.88888888888889
857,100.0,33.33333333333333
858,100.0,100.0
859,100.0,55.55555555555555
860,100.0,73.33333333333334
861,100.0,73.33333333333333
862,100.0,100.0
863,100.0,80.0
864,100.0,80.0
865,100.0,91.42857142857143
866,90.0,73.5
867,100.0,75.0
868,100.0,92.16666666666666
869,100.0,83.33333333333333
870,90.0,78.0
871,100.0,73.51851851851852
872,100.0,80.0
873,100.0,83.33333333333334
874,100.0,57.58333333333332
875,100.0,66.66666666666666
876,100.0,83.33333333333333
877,100.0,75.0
878,100.0,64.58333333333334
879,100.0,76.66666666666666
880,100.0,100.0
881,100.0,40.0
882,100.0,83.33333333333333
883,100.0,59.14285714285713
884,93.75,74.27083333333333
885,50.0,50.0
886,100.0,73.33333333333334
887,100.0,100.0
888,100.0,75.0
889,100.0,100.0
890,100.0,100.0
891,100.0,50.0
892,100.0,50.0
893,100.0,50.0
894,100.0,100.0
895,100.0,75.0
896,100.0,75.0
897,100.0,50.0
898,100.0,75.0
899,100.0,33.33333333333333
900,100.0,57.08333333333333
901,100.0,75.0
902,100.0,100.0
903,100.0,60.0
904,100.0,50.0
905,100.0,26.666666666666668
906,100.0,50.0
907,100.0,70.0
908,100.0,33.33333333333333
909,100.0,58.333333333333336
910,100.0,83.33333333333334
911,100.0,83.33333333333334
912,100.0,62.5
913,100.0,75.0
914,100.0,65.0
915,100.0,75.0
916,100.0,100.0
917,100.0,37.5
918,100.0,35.0
919,100.0,83.33333333333334
920,100.0,25.0
921,100.0,100.0
922,100.0,83.33333333333333
923,100.0,50.0
924,100.0,50.0
925,100.0,49.58333333333333
926,100.0,33.33333333333333
927,100.0,66.66666666666666
928,100.0,64.58333333333333
929,100.0,75.0
930,100.0,90.47619047619048
931,100.0,62.5
932,100.0,50.0
933,90.9090909090909,79.54545454545455
934,100.0,95.0
935,100.0,100.0
936,100.0,100.0
937,100.0,100.0
938,100.0,50.0
939,100.0,100.0
940,100.0,100.0
941,100.0,82.5
942,93.33333333333334,74.11111111111113
943,100.0,76.94444444444444
944,100.0,75.0
945,100.0,83.33333333333334
946,100.0,100.0
947,100.0,100.0
948,100.0,100.0
949,100.0,71.66666666666667
950,100.0,100.0
951,100.0,83.33333333333333
952,100.0,80.0
953,100.0,75.0
954,100.0,100.0
955,100.0,66.66666666666666
956,100.0,100.0
957,100.0,100.0
958,100.0,34.444444444444436
959,100.0,56.666666666666664
960,100.0,66.66666666666666
961,100.0,70.83333333333333
962,100.0,83.33333333333334
963,100.0,90.47619047619048
964,100.0,50.0
965,100.0,50.0
966,100.0,61.11111111111111
967,100.0,20.0
968,100.0,44.44444444444444
969,100.0,61.11111111111111
970,100.0,50.0
971,100.0,81.25
972,100.0,100.0
973,100.0,100.0
974,100.0,50.0
975,100.0,100.0
976,100.0,100.0
977,100.0,60.0
978,100.0,100.0
979,100.0,37.5
980,100.0,100.0
981,100.0,70.0
982,100.0,70.0
983,100.0,74.79166666666666
984,100.0,73.33333333333334
985,100.0,74.72222222222223
986,100.0,100.0
987,100.0,83.33333333333333
988,100.0,100.0
989,100.0,100.0
990,100.0,83.33333333333334
991,100.0,73.33333333333333
992,100.0,75.0
993,100.0,100.0
994,100.0,100.0
995,100.0,45.83333333333333
996,100.0,33.33333333333333
997,100.0,100.0
998,100.0,50.0
999,100.0,80.0
1000,100.0,74.0
1001,100.0,62.66666666666667
1002,100.0,50.0
1003,100.0,79.16666666666666
1004,66.66666666666666,50.0
1005,100.0,53.529411764705884
1006,100.0,59.00000000000001
1007,100.0,100.0
1008,100.0,64.0
1009,100.0,45.55555555555556
1010,100.0,100.0
1011,100.0,48.33333333333334
1012,100.0,79.0
1013,100.0,75.0
1014,100.0,72.38095238095238
1015,100.0,62.5
1016,90.0,66.16666666666667
1017,100.0,66.66666666666666
1018,100.0,66.66666666666666
1019,100.0,100.0
1020,100.0,100.0
1021,100.0,62.14285714285713
1022,100.0,77.16666666666667
1023,100.0,76.33333333333333
1024,100.0,75.0
1025,100.0,70.83333333333334
1026,50.0,50.0
1027,100.0,66.0
1028,100.0,72.22222222222221
1029,100.0,83.33333333333333
1030,100.0,75.0
1031,100.0,80.0
1032,100.0,25.0
1033,100.0,100.0
1034,100.0,100.0
1035,100.0,100.0
1036,100.0,75.0
1037,100.0,100.0
1038,100.0,66.66666666666666
1039,100.0,96.66666666666667
1040,100.0,84.375
1041,100.0,100.0
1042,100.0,33.33333333333333
1043,100.0,100.0
1044,100.0,97.14285714285714
1045,100.0,60.0
1046,100.0,100.0
1047,100.0,100.0
1048,100.0,61.33333333333333
1049,100.0,50.0
1050,100.0,70.0
1051,100.0,77.77777777777779
1052,100.0,83.33333333333334
1053,100.0,20.0
1054,100.0,58.333333333333336
1055,100.0,33.33333333333333
1056,100.0,44.44444444444444
1057,100.0,75.0
1058,100.0,100.0
1059,100.0,75.625
1060,100.0,95.0
1061,100.0,100.0
1062,100.0,100.0
1063,100.0,90.0
1064,100.0,100.0
1065,100.0,100.0
1066,100.0,85.0
1067,100.0,83.33333333333334
1068,100.0,64.81481481481481
1069,100.0,77.77777777777779
1070,100.0,100.0
1071,100.0,100.0
1072,100.0,90.0
1073,100.0,70.0
1074,100.0,100.0
1075,100.0,77.77777777777779
1076,100.0,83.33333333333334
1077,100.0,75.0
1078,100.0,100.0
1079,100.0,50.0
1080,100.0,75.0
1081,100.0,35.0
1082,100.0,50.0
1083,100.0,61.19047619047618
1084,100.0,64.44444444444444
1085,100.0,85.0
1086,100.0,50.0
1087,100.0,100.0
1088,100.0,100.0
1089,100.0,75.0
1090,100.0,100.0
1091,100.0,100.0
1092,100.0,50.0
1093,100.0,65.0
1094,100.0,83.33333333333334
1095,100.0,75.0
1096,100.0,100.0
1097,100.0,80.0
1098,100.0,100.0
1099,100.0,73.33333333333334
1100,100.0,100.0
1101,100.0,68.0
1102,100.0,96.0
1103,100.0,100.0
1104,100.0,75.0
1105,100.0,74.16666666666667
1106,75.0,70.0
1107,100.0,87.5
1108,100.0,65.83333333333333
1109,100.0,30.000000000000004
1110,100.0,54.0
1111,100.0,73.33333333333334
1112,100.0,65.0
1113,100.0,36.11111111111111
1114,100.0,100.0
1115,100.0,83.33333333333334
1116,100.0,75.0
1117,100.0,68.5897435897436
1118,100.0,83.33333333333334
1119,100.0,75.0
1120,100.0,75.0
1121,100.0,73.33333333333333
1122,100.0,58.33333333333333
1123,80.0,65.0
1124,100.0,52.22222222222223
1125,100.0,66.66666666666666
1126,83.33333333333334,71.66666666666669
1127,100.0,100.0
1128,100.0,100.0
1129,100.0,100.0
1130,100.0,20.0
1131,100.0,100.0
1132,100.0,73.8095238095238
1133,100.0,67.66666666666666
1134,100.0,30.555555555555554
1135,100.0,77.3076923076923
1136,100.0,79.16666666666666
1137,100.0,100.0
1138,100.0,96.66666666666667
1139,100.0,68.88888888888889
1140,100.0,61.11111111111111
1141,100.0,83.33333333333333
1142,100.0,100.0
1143,100.0,100.0
1144,100.0,87.5
1145,100.0,54.66666666666667
1146,100.0,81.48148148148148
1147,100.0,87.5
1148,100.0,55.55555555555555
1149,100.0,50.0
1150,100.0,50.0
1151,100.0,83.33333333333334
1152,100.0,48.333333333333336
1153,100.0,100.0
1154,100.0,83.33333333333333
1155,100.0,100.0
1156,100.0,60.0
1157,100.0,68.75
1158,100.0,70.0
1159,100.0,73.46153846153847
1160,100.0,55.00000000000001
1161,100.0,60.0
1162,87.5,68.125
1163,100.0,83.33333333333334
1164,80.0,72.0
1165,100.0,70.83333333333334
1166,100.0,100.0
1167,100.0,75.0
1168,100.0,80.0
1169,100.0,75.0
1170,100.0,62.33333333333333
1171,100.0,87.5
1172,100.0,50.0
1173,96.15384615384615,76.92307692307693
1174,100.0,66.66666666666666
1175,100.0,100.0
1176,100.0,100.0
1177,100.0,100.0
1178,100.0,87.5
1179,100.0,64.44444444444444
1180,100.0,100.0
1181,100.0,100.0
1182,100.0,83.33333333333333
1183,100.0,33.33333333333333
1184,100.0,93.33333333333333
1185,100.0,100.0
1186,100.0,100.0
1187,100.0,91.66666666666666
1188,100.0,83.33333333333333
1189,100.0,86.66666666666667
1190,100.0,75.0
1191,100.0,66.66666666666666
1192,80.0,58.666666666666664
1193,100.0,87.5
1194,100.0,88.88888888888889
1195,100.0,50.0
1196,100.0,40.0
1197,100.0,100.0
1198,100.0,40.0
1199,100.0,88.88888888888889
1200,100.0,90.76923076923077
1201,100.0,60.0
1202,100.0,53.333333333333336
1203,100.0,100.0
1204,100.0,84.00000000000001
1205,100.0,75.0
1206,100.0,100.0
1207,100.0,75.0
1208,100.0,90.0
1209,100.0,79.58333333333334
1210,100.0,75.0
1211,100.0,96.66666666666667
1212,100.0,50.0
1213,100.0,100.0
1214,100.0,90.0
1215,100.0,100.0
1216,100.0,61.11111111111111
1217,100.0,54.166666666666664
1218,100.0,60.0
1219,90.9090909090909,80.30303030303028
1220,100.0,83.33333333333334
1221,100.0,67.5
1222,100.0,100.0
1223,100.0,66.66666666666666
1224,100.0,52.77777777777778
1225,100.0,100.0
1226,100.0,100.0
1227,100.0,100.0
1228,100.0,50.0
1229,100.0,50.0
1230,100.0,100.0
1231,100.0,100.0
1232,100.0,76.1904761904762
1233,100.0,94.375
1234,100.0,83.88888888888889
1235,100.0,100.0
1236,100.0,65.0
1237,100.0,100.0
1238,100.0,100.0
1239,100.0,83.33333333333333
1240,100.0,75.0
1241,100.0,86.77777777777777
1242,100.0,50.0
1243,100.0,50.0
1244,100.0,50.0
1245,100.0,100.0
1246,100.0,87.5
1247,100.0,50.0
1248,100.0,40.0
1249,100.0,100.0
1250,100.0,100.0
1251,100.0,73.54166666666666
1252,100.0,96.42857142857143
1253,100.0,72.5
1254,100.0,75.33333333333333
1255,100.0,100.0
1256,100.0,33.33333333333333
1257,83.33333333333334,67.5
1258,100.0,25.0
1259,66.66666666666666,50.0
1260,100.0,83.33333333333333
1261,100.0,75.0
1262,100.0,35.0
1263,100.0,75.0
1264,100.0,50.0
1265,100.0,100.0
1266,100.0,33.33333333333333
1267,100.0,80.0
1268,100.0,33.33333333333333
1269,100.0,57.777777777777786
1270,100.0,81.11111111111111
1271,100.0,66.66666666666666
1272,90.9090909090909,65.9090909090909
1273,100.0,74.375
1274,100.0,77.25490196078432
1275,100.0,33.33333333333333
1276,100.0,72.91666666666666
1277,100.0,78.11594202898551
1278,100.0,86.66666666666666
1279,89.47368421052632,75.61403508771929
1280,100.0,77.22222222222221
1281,100.0,66.66666666666666
1282,100.0,82.29166666666666
1283,96.0,73.33333333333333
1284,100.0,82.85714285714285
1285,100.0,83.68055555555554
1286,99.35897435897435,84.2948717948718
1287,100.0,73.33333333333333
1288,100.0,90.0
1289,100.0,58.33333333333333
1290,100.0,100.0
1291,100.0,100.0
1292,100.0,100.0
1293,100.0,59.72222222222222
1294,100.0,79.16666666666666
1295,100.0,66.66666666666666
1296,100.0,83.33333333333334
1297,100.0,66.66666666666666
1298,100.0,50.0
1299,100.0,100.0
1300,100.0,100.0
1301,100.0,33.33333333333333
1302,100.0,50.0
1303,100.0,100.0
1304,100.0,34.444444444444436
1305,100.0,100.0
1306,100.0,45.0
1307,100.0,33.33333333333333
1308,100.0,75.0
1309,100.0,50.0
1310,100.0,58.33333333333333
1311,100.0,100.0
1312,100.0,50.0
1313,100.0,75.0
1314,100.0,68.33333333333333
1315,100.0,41.666666666666664
1316,100.0,60.0
1317,100.0,100.0
1318,100.0,71.66666666666667
1319,100.0,100.0
1320,100.0,75.0
1321,100.0,50.0
1322,100.0,63.88888888888889
1323,100.0,26.111111111111114
1324,100.0,100.0
1325,100.0,50.0
1326,100.0,100.0
1327,100.0,100.0
1328,100.0,84.02777777777779
1329,100.0,81.94444444444446
1330,100.0,82.73809523809524
1331,100.0,86.66666666666667
1332,100.0,44.666666666666664
1333,100.0,33.33333333333333
1334,100.0,70.83333333333334
1335,100.0,100.0
1336,100.0,50.74074074074074
1337,100.0,64.76190476190476
1338,100.0,70.66666666666667
1339,100.0,66.66666666666666
1340,100.0,41.666666666666664
1341,100.0,70.0
1342,100.0,66.66666666666666
1343,100.0,77.77777777777777
1344,100.0,29.166666666666664
1345,100.0,50.0
1346,100.0,100.0
1347,100.0,75.0
1348,100.0,60.0
1349,100.0,100.0
1350,100.0,100.0
1351,100.0,50.0
1352,100.0,29.166666666666664
1353,100.0,80.0
1354,100.0,25.0
1355,100.0,100.0
1356,100.0,100.0
1357,100.0,93.33333333333333
1358,100.0,100.0
1359,100.0,66.66666666666666
1360,100.0,83.33333333333334
1361,100.0,83.33333333333334
1362,100.0,33.33333333333333
1363,100.0,100.0
1364,100.0,100.0
1365,100.0,100.0
1366,100.0,33.33333333333333
1367,100.0,100.0
1368,100.0,100.0
1369,100.0,50.0
1370,100.0,50.0
1371,100.0,66.66666666666667
1372,100.0,77.42424242424242
1373,100.0,33.33333333333333
1374,100.0,54.0
1375,100.0,77.77777777777779
1376,100.0,67.71929824561404
1377,100.0,66.66666666666666
1378,100.0,52.31060606060605
1379,100.0,67.59259259259261
1380,100.0,71.38888888888889
1381,100.0,64.33333333333333
1382,100.0,64.375
1383,100.0,40.0
1384,100.0,100.0
1385,100.0,68.05555555555557
1386,100.0,38.33333333333333
1387,100.0,51.45833333333334
1388,100.0,64.28571428571429
1389,100.0,58.33333333333333
1390,87.49999999999999,57.291666666666664
1391,100.0,100.0
1392,100.0,33.33333333333333
1393,100.0,80.55555555555554
1394,100.0,49.00000000000001
1395,100.0,56.25
1396,100.0,25.0
1397,100.0,50.0
1398,100.0,75.0
1399,100.0,100.0
1400,100.0,25.0
1401,100.0,38.33333333333333
1402,100.0,100.0
1403,100.0,50.0
1404,100.0,52.77777777777778
1405,100.0,20.0
1406,100.0,20.0
1407,100.0,47.77777777777778
1408,100.0,26.666666666666668
1409,100.0,100.0
1410,100.0,100.0
1411,100.0,50.0
1412,100.0,100.0
1413,100.0,50.0
1414,100.0,100.0
1415,100.0,75.0
1416,100.0,100.0
1417,100.0,100.0
1418,100.0,86.45833333333333
1419,100.0,83.33333333333333
1420,100.0,100.0
1421,100.0,50.0
1422,100.0,25.0
1423,100.0,60.27777777777777
1424,100.0,72.22222222222221
1425,100.0,50.0
1426,100.0,100.0
1427,83.33333333333334,71.66666666666667
1428,100.0,66.66666666666666
1429,100.0,40.0
1430,100.0,66.66666666666666
1431,100.0,61.11111111111111
1432,100.0,100.0
1433,100.0,77.77777777777777
1434,100.0,20.0
1435,100.0,40.0
1436,100.0,33.33333333333333
1437,100.0,50.0
1438,100.0,100.0
1439,87.49999999999999,63.74999999999999
1440,100.0,75.0
1441,100.0,33.33333333333333
1442,100.0,62.5
1443,100.0,66.66666666666667
1444,100.0,60.0
1445,100.0,100.0
1446,100.0,50.0
1447,100.0,50.0
1448,100.0,100.0
1449,100.0,87.5
1450,100.0,75.0
1451,100.0,54.166666666666664
1452,100.0,58.333333333333336
1453,100.0,83.33333333333333
1454,100.0,50.0
1455,100.0,100.0
1456,100.0,20.0
1457,100.0,100.0
1458,100.0,75.0
1459,100.0,34.666666666666664
1460,100.0,100.0
1461,100.0,100.0
1462,100.0,25.0
1463,100.0,50.0
1464,100.0,83.33333333333334
1465,100.0,25.0
1466,100.0,100.0
1467,100.0,100.0
1468,100.0,34.444444444444436
1469,100.0,74.16666666666667
1470,100.0,66.66666666666666
1471,100.0,100.0
1472,100.0,50.0
1473,100.0,100.0
1474,100.0,25.0
1475,100.0,75.0
1476,100.0,83.33333333333331
1477,100.0,55.55555555555555
1478,100.0,33.33333333333333
1479,100.0,100.0
1480,100.0,100.0
1481,100.0,66.66666666666666
1482,100.0,33.33333333333333
1483,100.0,37.5
1484,100.0,45.83333333333333
1485,100.0,75.0
1486,100.0,44.44444444444444
1487,100.0,75.0
1488,100.0,75.0
1489,90.9090909090909,65.15151515151516
1490,100.0,69.81481481481482
1491,100.0,100.0
1492,100.0,72.16666666666667
1493,100.0,95.0
1494,100.0,62.5
1495,100.0,50.0
1496,100.0,80.0
1497,50.0,40.0
1498,100.0,33.33333333333333
1499,100.0,100.0
1500,100.0,50.0
1501,100.0,100.0
1502,100.0,58.333333333333336
1503,100.0,75.0
1504,100.0,72.22222222222221
1505,100.0,72.22222222222221
1506,100.0,66.66666666666666
1507,100.0,50.0
1508,100.0,25.0
1509,100.0,100.0
1510,100.0,58.33333333333333
1511,100.0,50.0
1512,100.0,100.0
1513,100.0,100.0
1514,100.0,100.0
1515,100.0,100.0
1516,100.0,33.33333333333333
1517,100.0,20.0
1518,100.0,100.0
1519,100.0,26.666666666666668
1520,100.0,100.0
1521,100.0,50.0
1522,100.0,76.25
1523,100.0,35.0
1524,100.0,100.0
1525,100.0,50.0
1526,100.0,66.66666666666666
1527,100.0,26.666666666666668
1528,100.0,60.0
1529,100.0,78.0
1530,100.0,82.91666666666666
1531,100.0,69.79166666666667
1532,100.0,71.66666666666666
1533,100.0,80.0
1534,100.0,87.5
1535,100.0,84.81481481481481
1536,100.0,72.22222222222221
1537,100.0,76.66666666666666
1538,100.0,100.0
1539,100.0,100.0
1540,100.0,77.49999999999999
1541,100.0,85.0
1542,100.0,94.28571428571428
1543,100.0,79.16666666666666
1544,100.0,100.0
1545,100.0,83.33333333333334
1546,100.0,78.0952380952381
1547,94.73684210526315,78.0701754385965
1548,100.0,77.08333333333333
1549,100.0,75.0
1550,100.0,100.0
1551,92.85714285714286,76.42857142857142
1552,100.0,100.0
1553,100.0,100.0
1554,93.33333333333333,53.99999999999999
1555,100.0,63.888888888888886
1556,100.0,50.0
1557,100.0,72.61904761904762
1558,100.0,79.375
1559,100.0,74.02777777777777
1560,100.0,90.71428571428571
1561,100.0,53.18181818181819
1562,100.0,33.33333333333333
1563,100.0,73.57142857142857
1564,95.83333333333334,79.93055555555556
1565,100.0,78.33333333333333
1566,94.73684210526315,78.50877192982458
1567,100.0,67.22222222222221
1568,100.0,50.0
1569,100.0,68.33333333333334
1570,100.0,54.166666666666664
1571,100.0,64.58333333333334
1572,100.0,75.0
1573,100.0,20.0
1574,100.0,50.0
1575,100.0,86.66666666666667
1576,100.0,88.33333333333334
1577,93.33333333333334,70.22222222222223
1578,100.0,100.0
1579,100.0,75.0
1580,75.0,47.5
1581,100.0,63.888888888888886
1582,92.3076923076923,78.84615384615384
1583,100.0,70.0
1584,100.0,77.77777777777779
1585,100.0,54.0
1586,100.0,77.77777777777779
1587,100.0,83.33333333333333
1588,100.0,33.33333333333333
1589,100.0,100.0
1590,100.0,100.0
1591,100.0,100.0
1592,100.0,60.777777777777786
1593,92.85714285714286,78.33333333333331
1594,100.0,37.5
1595,100.0,66.66666666666666
1596,100.0,65.83333333333333
1597,100.0,100.0
1598,85.71428571428571,72.14285714285715
1599,100.0,76.19047619047619
1600,100.0,100.0
1601,100.0,84.52380952380952
1602,75.0,68.75
1603,100.0,83.33333333333334
1604,100.0,56.25
1605,100.0,87.5
1606,100.0,75.0
1607,100.0,83.33333333333334
1608,80.0,68.33333333333333
1609,100.0,68.88888888888889
1610,100.0,87.5
1611,100.0,87.5
1612,100.0,70.0
1613,100.0,55.833333333333336
1614,100.0,83.33333333333334
1615,100.0,100.0
1616,100.0,61.11111111111111
1617,100.0,40.0
1618,100.0,55.00000000000001
1619,100.0,40.0
1620,100.0,50.0
1621,100.0,25.0
1622,100.0,100.0
1623,100.0,35.0
1624,100.0,40.0
1625,100.0,37.5
1626,100.0,70.0
1627,100.0,100.0
1628,100.0,100.0
1629,100.0,100.0
1630,100.0,52.08333333333333
1631,100.0,75.0
1632,100.0,50.0
1633,100.0,66.66666666666666
1634,100.0,66.66666666666666
1635,100.0,87.5
1636,100.0,84.72222222222221
1637,100.0,75.0
1638,100.0,76.04166666666667
1639,100.0,78.7037037037037
1640,100.0,85.0
1641,92.3076923076923,73.33333333333331
1642,100.0,100.0
1643,100.0,90.0
1644,88.88888888888889,50.37037037037037
1645,75.0,58.33333333333333
1646,100.0,61.9047619047619
1647,100.0,95.0
1648,100.0,100.0
1649,100.0,90.0
1650,100.0,100.0
1651,100.0,33.33333333333333
1652,100.0,100.0
1653,100.0,56.1111111111111
1654,100.0,71.875
1655,100.0,50.0
1656,66.66666666666666,37.77777777777778
1657,100.0,50.0
1658,100.0,41.666666666666664
1659,100.0,100.0
1660,100.0,50.0
1661,100.0,50.0
1662,100.0,62.5
1663,100.0,37.5
1664,100.0,50.0
1665,100.0,76.66666666666666
1666,100.0,75.0
1667,100.0,100.0
1668,100.0,82.5
1669,100.0,73.33333333333334
1670,100.0,100.0
1671,100.0,50.0
1672,100.0,61.66666666666667
1673,100.0,100.0
1674,100.0,50.0
1675,100.0,56.666666666666664
1676,100.0,100.0
1677,100.0,83.33333333333334
1678,100.0,100.0
1679,100.0,66.66666666666666
1680,100.0,55.55555555555555
1681,100.0,33.33333333333333
1682,100.0,58.333333333333336
1683,100.0,62.5
1684,100.0,83.33333333333333
1685,100.0,66.66666666666666
1686,100.0,50.0
1687,100.0,61.11111111111111
1688,100.0,59.16666666666666
1689,100.0,100.0
1690,100.0,100.0
1691,100.0,83.33333333333334
1692,100.0,33.33333333333333
1693,100.0,100.0
1694,100.0,58.333333333333336
1695,75.0,45.0
1696,100.0,100.0
1697,100.0,63.33333333333333
1698,100.0,53.66666666666667
1699,100.0,61.111111111111114
1700,100.0,26.111111111111114
1701,100.0,50.0
1702,100.0,77.41666666666667
1703,100.0,50.0
1704,100.0,67.5
1705,100.0,70.19607843137256
1706,100.0,83.33333333333334
1707,100.0,51.25000000000001
1708,100.0,82.56410256410257
1709,100.0,70.0
1710,100.0,53.40909090909092
1711,100.0,58.611111111111114
1712,100.0,53.888888888888886
1713,100.0,88.88888888888889
1714,100.0,75.75757575757576
1715,95.45454545454545,66.66666666666666
1716,93.75,76.66666666666666
1717,100.0,66.66666666666666
1718,100.0,56.666666666666664
1719,100.0,33.33333333333333
1720,100.0,80.0
1721,100.0,73.88888888888889
1722,100.0,79.16666666666666
1723,100.0,61.11111111111111
1724,100.0,83.33333333333334
1725,100.0,63.33333333333333
1726,100.0,50.0
1727,100.0,80.0
1728,100.0,64.58333333333334
1729,100.0,33.33333333333333
1730,100.0,26.111111111111114
1731,100.0,79.76190476190477
1732,100.0,75.0
1733,100.0,64.39393939393939
1734,100.0,81.25
1735,100.0,72.22222222222221
1736,100.0,67.66666666666666
1737,100.0,45.0
1738,100.0,65.0
1739,100.0,48.66666666666667
1740,100.0,49.583333333333336
1741,100.0,100.0
1742,100.0,35.0
1743,100.0,66.66666666666666
1744,100.0,74.04761904761904
1745,100.0,67.72727272727272
1746,100.0,70.83333333333333
1747,100.0,75.0
1748,100.0,46.333333333333336
1749,100.0,100.0
1750,100.0,52.5
1751,100.0,75.0
1752,100.0,55.55555555555555
1753,100.0,75.0
1754,100.0,75.0
1755,100.0,50.0
1756,100.0,66.66666666666666
1757,100.0,44.44444444444444
1758,100.0,20.0
1759,75.0,38.75
1760,100.0,100.0
1761,100.0,83.33333333333334
1762,100.0,44.44444444444444
1763,100.0,79.16666666666666
1764,100.0,66.66666666666666
1765,100.0,66.04166666666667
1766,100.0,45.83333333333333
1767,100.0,75.0
1768,100.0,56.666666666666664
1769,100.0,50.83333333333333
1770,100.0,66.66666666666666
1771,100.0,41.666666666666664
1772,100.0,41.666666666666664
1773,100.0,85.0
1774,100.0,58.333333333333336
1775,100.0,87.5
1776,100.0,55.55555555555555
1777,100.0,66.66666666666666
1778,100.0,75.74074074074075
1779,100.0,33.33333333333333
1780,100.0,73.58974358974358
1781,100.0,67.5
1782,100.0,84.81481481481481
1783,100.0,66.66666666666666
1784,100.0,75.0
1785,100.0,65.23809523809524
1786,100.0,79.92063492063491
1787,100.0,76.19047619047619
1788,100.0,89.0909090909091
1789,100.0,67.70833333333333
1790,100.0,40.0
1791,100.0,90.0
1792,100.0,64.77777777777779
1793,100.0,60.00000000000001
1794,100.0,72.12962962962963
1795,100.0,85.71428571428571
1796,100.0,25.0
1797,75.0,62.5
1798,100.0,100.0
1799,100.0,58.333333333333336
1800,100.0,100.0
1801,100.0,100.0
1802,100.0,74.44444444444444
1803,100.0,77.08333333333334
1804,100.0,100.0
1805,100.0,100.0
1806,100.0,55.27777777777777
1807,100.0,77.77777777777777
1808,100.0,40.0
1809,100.0,85.71428571428571
1810,100.0,61.66666666666667
1811,100.0,68.88888888888887
1812,100.0,83.33333333333334
1813,100.0,74.16666666666666
1814,100.0,68.05555555555554
1815,100.0,57.777777777777786
1816,100.0,74.53703703703704
1817,95.0,62.416666666666664
1818,100.0,51.11111111111111
1819,100.0,75.0
1820,100.0,41.66666666666667
1821,100.0,62.7450980392157
1822,100.0,76.25
1823,100.0,50.0
1824,100.0,73.33333333333334
1825,100.0,100.0
1826,97.43589743589745,60.51282051282051
1827,100.0,100.0
1828,100.0,74.30555555555554
1829,100.0,65.0
1830,100.0,100.0
1831,100.0,87.5
1832,100.0,45.38461538461539
1833,100.0,75.0
1834,100.0,100.0
1835,100.0,100.0
1836,100.0,75.0
1837,100.0,80.0
1838,100.0,25.0
1839,100.0,100.0
1840,100.0,50.0
1841,100.0,100.0
1842,100.0,100.0
1843,100.0,25.0
1844,100.0,25.0
1845,100.0,100.0
1846,100.0,76.66666666666666
1847,100.0,72.91666666666666
1848,100.0,100.0
1849,100.0,100.0
1850,100.0,100.0
1851,100.0,70.0
1852,100.0,93.75
1853,100.0,100.0
1854,100.0,100.0
1855,100.0,87.5
1856,100.0,25.0
1857,100.0,52.77777777777778
1858,100.0,50.0
1859,100.0,80.0
1860,100.0,100.0
1861,100.0,75.0
1862,100.0,83.33333333333334
1863,100.0,100.0
1864,83.33333333333334,79.16666666666666
1865,100.0,86.51515151515152
1866,100.0,25.0
1867,100.0,69.16666666666667
1868,100.0,73.33333333333334
1869,100.0,50.0
1870,100.0,41.666666666666664
1871,100.0,100.0
1872,100.0,79.76190476190476
1873,100.0,77.77777777777779
1874,100.0,100.0
1875,100.0,50.0
1876,100.0,83.33333333333334
1877,100.0,50.55555555555556
1878,100.0,52.083333333333336
1879,100.0,100.0
1880,100.0,86.66666666666666
1881,100.0,90.0
1882,100.0,81.25
1883,100.0,40.0
1884,100.0,75.0
1885,100.0,79.0
1886,100.0,50.0
1887,100.0,85.83333333333333
1888,100.0,100.0
1889,100.0,100.0
1890,100.0,100.0
1891,100.0,60.0
1892,100.0,100.0
1893,100.0,84.35897435897435
1894,100.0,77.77777777777779
1895,100.0,100.0
1896,66.66666666666666,50.0
1897,100.0,80.0
1898,100.0,66.66666666666666
1899,100.0,75.0
1900,100.0,77.77777777777779
1901,100.0,73.33333333333334
1902,100.0,29.166666666666664
1903,100.0,20.0
1904,100.0,33.33333333333333
1905,100.0,100.0
1906,100.0,50.0
1907,100.0,25.0
1908,100.0,25.0
1909,100.0,76.66666666666666
1910,100.0,100.0
1911,100.0,100.0
1912,100.0,20.0
1913,100.0,63.33333333333333
1914,100.0,64.53333333333332
1915,100.0,73.33333333333334
1916,100.0,44.44444444444444
1917,100.0,66.66666666666666
1918,100.0,75.0
1919,100.0,58.333333333333336
1920,100.0,88.88888888888889
1921,100.0,57.77777777777777
1922,100.0,52.22222222222223
1923,100.0,100.0
1924,100.0,61.862745098039206
1925,85.71428571428571,51.90476190476191
1926,100.0,100.0
1927,100.0,83.33333333333333
1928,100.0,67.85714285714286
1929,100.0,72.91666666666666
1930,100.0,66.66666666666666
1931,100.0,66.66666666666666
1932,100.0,66.66666666666666
1933,100.0,20.0
1934,75.0,52.5
1935,100.0,75.0
1936,100.0,100.0
1937,100.0,100.0
1938,100.0,70.83333333333333
1939,100.0,50.0
1940,100.0,50.0
1941,100.0,83.33333333333333
1942,100.0,77.77777777777777
1943,100.0,75.0
1944,100.0,100.0
1945,100.0,66.66666666666666
1946,100.0,71.25
1947,100.0,50.0
1948,100.0,83.33333333333334
1949,100.0,62.5
1950,100.0,100.0
1951,100.0,75.0
1952,100.0,100.0
1953,100.0,50.0
1954,100.0,100.0
1955,100.0,66.66666666666666
1956,100.0,50.0
1957,100.0,33.33333333333333
1958,100.0,100.0
1959,100.0,83.33333333333333
1960,100.0,82.5
1961,100.0,76.66666666666666
1962,100.0,87.5
1963,100.0,50.0
1964,100.0,75.0
1965,100.0,100.0
1966,100.0,62.5
1967,100.0,66.66666666666666
1968,100.0,100.0
1969,100.0,100.0
1970,100.0,88.88888888888889
1971,100.0,50.0
1972,100.0,66.66666666666666
1973,100.0,20.0
1974,100.0,100.0
1975,100.0,83.33333333333334
1976,91.66666666666666,72.22222222222223
1977,100.0,100.0
1978,100.0,83.33333333333334
1979,100.0,53.333333333333336
1980,100.0,33.33333333333333
1981,100.0,100.0
1982,100.0,50.0
1983,100.0,100.0
1984,100.0,66.66666666666666
1985,100.0,25.0
1986,100.0,20.0
1987,75.0,58.333333333333336
1988,100.0,100.0
1989,100.0,47.222222222222214
1990,100.0,68.75
1991,100.0,62.5
1992,100.0,48.888888888888886
1993,100.0,100.0
1994,100.0,51.11111111111111
1995,100.0,60.0
1996,100.0,75.0
1997,100.0,100.0
1998,100.0,75.0
1999,100.0,75.0
2000,100.0,100.0
2001,100.0,100.0
2002,100.0,82.5
2003,100.0,100.0
2004,100.0,50.0
2005,100.0,62.5
2006,100.0,58.33333333333333
2007,100.0,72.61904761904762
2008,100.0,56.666666666666664
2009,100.0,31.666666666666664
2010,100.0,20.0
2011,100.0,73.33333333333334
2012,100.0,58.33333333333333
2013,100.0,66.66666666666666
2014,100.0,22.5
2015,100.0,75.0
2016,100.0,100.0
2017,100.0,73.33333333333333
2018,100.0,75.0
2019,100.0,41.666666666666664
2020,100.0,35.0
2021,100.0,50.0
2022,100.0,86.66666666666666
2023,80.0,63.33333333333333
2024,100.0,88.88888888888889
2025,100.0,100.0
2026,100.0,60.416666666666664
2027,100.0,66.66666666666666
2028,100.0,75.0
2029,100.0,100.0
2030,100.0,75.92592592592592
2031,100.0,50.0
2032,80.0,75.0
2033,100.0,81.25
2034,100.0,66.66666666666666
2035,100.0,62.5
2036,100.0,55.55555555555555
2037,100.0,62.5
2038,100.0,75.0
2039,75.0,70.0
2040,100.0,72.22222222222221
2041,100.0,33.33333333333333
2042,100.0,50.0
2043,100.0,80.0
2044,100.0,100.0
2045,100.0,100.0
2046,100.0,91.66666666666666
2047,100.0,92.5
2048,100.0,66.66666666666666
2049,100.0,75.33333333333333
2050,100.0,77.77777777777779
2051,100.0,80.0
2052,100.0,63.33333333333333
2053,100.0,68.33333333333334
2054,100.0,50.0
2055,100.0,86.66666666666669
2056,100.0,87.5
2057,100.0,100.0
2058,100.0,83.33333333333333
2059,100.0,100.0
2060,100.0,36.11111111111111
2061,100.0,75.0
2062,66.66666666666666,55.55555555555555
2063,100.0,79.66666666666666
2064,100.0,100.0
2065,100.0,75.0
2066,100.0,75.0
2067,100.0,50.0
2068,100.0,61.11111111111111
2069,100.0,100.0
2070,100.0,50.0
2071,100.0,100.0
2072,100.0,100.0
2073,100.0,100.0
2074,100.0,50.0
2075,100.0,26.666666666666668
2076,100.0,83.33333333333334
2077,100.0,77.77777777777777
2078,100.0,100.0
2079,100.0,20.0
2080,100.0,50.0
2081,100.0,50.0
2082,100.0,40.0
2083,100.0,60.0
2084,100.0,100.0
2085,100.0,58.33333333333333
2086,100.0,32.5
2087,100.0,100.0
2088,100.0,75.0
2089,50.0,50.0
2090,100.0,100.0
2091,100.0,50.0
2092,100.0,100.0
2093,100.0,33.33333333333333
2094,50.0,40.0
2095,100.0,88.75
2096,100.0,75.0
2097,100.0,87.5
2098,100.0,62.5
2099,100.0,33.33333333333333
2100,75.0,65.0
2101,100.0,87.5
2102,100.0,40.0
2103,80.0,65.0
2104,87.49999999999999,76.875
2105,100.0,60.66666666666667
2106,100.0,100.0
2107,100.0,83.33333333333333
2108,100.0,100.0
2109,100.0,58.33333333333333
2110,100.0,68.75
2111,100.0,100.0
2112,100.0,100.0
2113,100.0,50.0
2114,100.0,25.0
2115,85.7142857142857,67.85714285714286
2116,100.0,62.66666666666667
2117,100.0,53.333333333333336
2118,100.0,73.75
2119,100.0,100.0
2120,100.0,80.0
2121,100.0,100.0
2122,100.0,100.0
2123,100.0,50.0
2124,100.0,50.0
2125,100.0,79.16666666666666
2126,100.0,100.0
2127,100.0,51.11111111111111
2128,100.0,20.0
2129,100.0,60.0
2130,100.0,83.33333333333334
2131,100.0,50.0
2132,100.0,33.33333333333333
2133,100.0,52.77777777777778
2134,100.0,41.666666666666664
2135,100.0,100.0
2136,100.0,100.0
2137,100.0,83.33333333333334
2138,100.0,100.0
2139,100.0,66.30952380952381
2140,100.0,66.66666666666666
2141,100.0,100.0
2142,100.0,79.16666666666666
2143,100.0,50.0
2144,100.0,25.0
2145,100.0,58.33333333333333
2146,100.0,75.0
2147,100.0,62.5
2148,100.0,37.5
2149,100.0,88.33333333333333
2150,100.0,70.0
2151,100.0,75.0
2152,100.0,85.23809523809524
2153,100.0,64.58333333333333
2154,100.0,84.00000000000001
2155,90.0,61.999999999999986
2156,100.0,100.0
2157,100.0,66.66666666666666
2158,100.0,77.5
2159,100.0,100.0
2160,100.0,50.0
2161,100.0,81.25
2162,87.5,85.00000000000001
2163,100.0,100.0
2164,83.33333333333334,80.0
2165,100.0,33.33333333333333
2166,100.0,50.0
2167,100.0,100.0
2168,100.0,37.5
2169,100.0,100.0
2170,100.0,45.83333333333333
2171,100.0,66.66666666666666
2172,100.0,100.0
2173,100.0,87.5
2174,100.0,41.666666666666664
2175,100.0,100.0
2176,100.0,66.11111111111111
2177,100.0,62.5
2178,100.0,62.5
2179,90.47619047619048,80.0
2180,100.0,83.33333333333334
2181,100.0,87.5
2182,80.0,53.0
2183,100.0,77.77777777777777
2184,100.0,66.19047619047619
2185,100.0,100.0
2186,100.0,100.0
2187,100.0,100.0
2188,100.0,93.57142857142857
2189,100.0,72.91666666666667
2190,85.71428571428571,82.85714285714285
2191,100.0,87.5
2192,100.0,100.0
2193,100.0,100.0
2194,100.0,93.57142857142857
2195,100.0,74.28571428571429
2196,100.0,77.77777777777777
2197,95.23809523809523,73.01587301587301
2198,100.0,70.83333333333333
2199,100.0,83.33333333333333
2200,100.0,74.16666666666667
2201,100.0,76.9047619047619
2202,100.0,82.29166666666667
2203,100.0,85.37037037037037
2204,100.0,91.66666666666666
2205,100.0,66.66666666666666
2206,100.0,72.91666666666666
2207,94.11764705882352,76.76470588235294
2208,100.0,100.0
2209,100.0,100.0
2210,100.0,75.0
2211,100.0,87.6190476190476
2212,80.0,74.66666666666666
2213,100.0,100.0
2214,100.0,58.333333333333336
2215,100.0,100.0
2216,100.0,25.0
2217,100.0,100.0
2218,100.0,72.22222222222221
2219,100.0,50.0
2220,100.0,100.0
2221,66.66666666666666,50.0
2222,100.0,100.0
2223,100.0,100.0
2224,100.0,100.0
2225,100.0,100.0
2226,100.0,66.66666666666666
2227,100.0,100.0
2228,100.0,100.0
2229,100.0,100.0
2230,100.0,50.0
2231,100.0,100.0
2232,100.0,20.0
2233,100.0,100.0
2234,100.0,25.0
2235,100.0,100.0
2236,100.0,100.0
2237,100.0,50.0
2238,100.0,75.0
2239,100.0,33.33333333333333
2240,100.0,93.33333333333333
2241,100.0,100.0
2242,100.0,50.0
2243,100.0,100.0
2244,100.0,66.66666666666667
2245,100.0,100.0
2246,100.0,100.0
2247,100.0,86.66666666666666
2248,100.0,50.0
2249,100.0,33.33333333333333
2250,100.0,51.11111111111111
2251,100.0,62.5
2252,100.0,75.0
2253,100.0,100.0
2254,100.0,100.0
2255,100.0,67.14285714285715
2256,100.0,73.6111111111111
2257,100.0,33.33333333333333
2258,100.0,66.66666666666666
2259,100.0,100.0
2260,100.0,66.66666666666666
2261,100.0,100.0
2262,100.0,83.33333333333334
2263,100.0,50.0
2264,100.0,60.0
2265,66.66666666666666,43.333333333333336
2266,100.0,76.66666666666666
2267,100.0,60.43859649122807
2268,100.0,93.33333333333333
2269,100.0,52.77777777777778
2270,100.0,40.0
2271,100.0,79.16666666666666
2272,100.0,54.0
2273,100.0,75.0
2274,100.0,62.5
2275,100.0,78.125
2276,100.0,49.99999999999999
2277,100.0,77.97619047619048
2278,100.0,67.77777777777777
2279,100.0,76.33333333333333
2280,91.66666666666666,75.27777777777777
2281,100.0,74.58333333333333
2282,100.0,58.333333333333336
2283,100.0,64.0
2284,80.0,68.33333333333333
2285,100.0,72.38095238095238
2286,100.0,100.0
2287,100.0,70.0
2288,100.0,86.11111111111111
2289,100.0,84.58333333333333
2290,100.0,64.6969696969697
2291,100.0,81.66666666666667
2292,100.0,69.04761904761905
2293,100.0,66.66666666666666
2294,100.0,83.33333333333334
2295,100.0,62.916666666666664
2296,100.0,70.58823529411767
2297,100.0,66.66666666666666
2298,100.0,33.33333333333333
2299,100.0,77.77777777777777
2300,100.0,100.0
2301,100.0,100.0
2302,100.0,100.0
2303,100.0,100.0
2304,100.0,40.0
2305,66.66666666666666,55.55555555555555
2306,100.0,60.00000000000001
2307,100.0,62.5
2308,100.0,78.0
2309,100.0,75.0
2310,100.0,68.75
2311,100.0,100.0
2312,100.0,100.0
2313,100.0,100.0
2314,100.0,100.0
2315,100.0,81.25
2316,87.5,73.54166666666667
2317,100.0,86.1111111111111
2318,100.0,77.77777777777779
2319,100.0,33.33333333333333
2320,100.0,33.33333333333333
2321,100.0,27.0
2322,100.0,85.0
2323,100.0,100.0
2324,100.0,83.33333333333334
2325,100.0,33.095238095238095
2326,100.0,80.0
2327,100.0,100.0
2328,100.0,25.0
2329,100.0,100.0
2330,100.0,48.333333333333336
2331,100.0,100.0
2332,100.0,32.5
2333,100.0,45.0
2334,100.0,25.0
2335,100.0,66.66666666666666
2336,100.0,54.44444444444444
2337,100.0,100.0
2338,100.0,43.333333333333336
2339,100.0,80.0
2340,100.0,100.0
2341,100.0,70.0
2342,100.0,100.0
2343,100.0,85.0
2344,100.0,83.33333333333333
2345,100.0,85.55555555555556
2346,100.0,83.33333333333334
2347,100.0,20.0
2348,100.0,70.75757575757575
2349,100.0,100.0
2350,100.0,100.0
2351,100.0,75.0
2352,100.0,67.56410256410257
2353,100.0,75.0
2354,100.0,77.77777777777777
2355,100.0,25.0
2356,100.0,50.0
2357,100.0,100.0
2358,100.0,100.0
2359,66.66666666666666,58.333333333333336
2360,100.0,100.0
2361,100.0,100.0
2362,100.0,63.33333333333333
2363,100.0,100.0
2364,100.0,100.0
2365,100.0,33.33333333333333
2366,100.0,100.0
2367,100.0,50.0
2368,100.0,50.0
2369,100.0,33.33333333333333
2370,100.0,100.0
2371,100.0,80.0
2372,100.0,100.0
2373,100.0,100.0
2374,100.0,70.0
2375,100.0,100.0
2376,100.0,63.88888888888889
2377,100.0,82.27272727272728
2378,100.0,67.77777777777779
2379,100.0,75.0
2380,100.0,41.666666666666664
2381,100.0,75.0
2382,80.0,76.0
2383,100.0,90.0
2384,100.0,100.0
2385,100.0,86.66666666666667
2386,100.0,68.125
2387,100.0,43.333333333333336
2388,100.0,100.0
2389,100.0,86.0
2390,100.0,83.33333333333334
2391,100.0,88.88888888888889
2392,100.0,46.0
2393,100.0,66.66666666666666
2394,100.0,70.23809523809523
2395,100.0,70.0
2396,100.0,70.0
2397,100.0,50.0
2398,100.0,50.0
2399,100.0,63.33333333333333
2400,100.0,71.02564102564102
2401,100.0,81.81818181818183
2402,100.0,83.33333333333334
2403,100.0,70.33333333333334
2404,100.0,62.83333333333333
2405,100.0,100.0
2406,100.0,39.722222222222214
2407,100.0,87.5
2408,100.0,61.11111111111111
2409,100.0,80.0
2410,100.0,72.61904761904762
2411,100.0,100.0
2412,100.0,67.5
2413,100.0,80.68627450980392
2414,100.0,60.00000000000001
2415,100.0,74.16666666666666
2416,100.0,82.57575757575756
2417,100.0,86.1111111111111
2418,100.0,80.0
2419,100.0,50.0
2420,100.0,69.16666666666667
2421,100.0,37.5
2422,100.0,51.66666666666667
2423,100.0,59.52380952380951
2424,100.0,78.57142857142857
2425,100.0,74.86111111111113
2426,100.0,53.333333333333336
2427,100.0,66.06060606060605
2428,100.0,50.0
2429,100.0,69.04761904761905
2430,100.0,69.86111111111111
2431,100.0,77.08333333333334
2432,100.0,100.0
2433,91.66666666666666,68.88888888888887
2434,100.0,70.83333333333334
2435,100.0,74.66666666666666
2436,100.0,67.1875
2437,100.0,79.76190476190476
2438,100.0,56.666666666666664
2439,94.73684210526315,57.54385964912281
2440,100.0,74.38596491228068
2441,90.90909090909093,81.06060606060606
2442,100.0,79.79166666666666
2443,100.0,87.22222222222223
2444,100.0,83.92857142857143
2445,100.0,100.0
2446,100.0,66.66666666666666
2447,88.88888888888889,54.629629629629626
2448,100.0,71.85185185185185
2449,100.0,61.94444444444444
2450,100.0,100.0
2451,100.0,70.0
2452,100.0,75.0
2453,100.0,77.27272727272727
2454,94.73684210526315,74.29824561403508
2455,96.55172413793103,72.70114942528734
2456,90.0,65.83333333333333
2457,100.0,70.83333333333333
2458,100.0,100.0
2459,100.0,84.25925925925925
2460,100.0,76.9607843137255
2461,100.0,88.52380952380953
2462,100.0,100.0
2463,97.43589743589743,80.25641025641025
2464,83.33333333333334,66.11111111111111
2465,100.0,83.33333333333334
2466,100.0,92.85714285714286
2467,100.0,80.83333333333333
2468,100.0,84.61538461538461
2469,100.0,66.66666666666666
2470,100.0,83.33333333333334
2471,100.0,55.00000000000001
2472,100.0,100.0
2473,100.0,63.33333333333333
2474,100.0,77.08333333333333
2475,100.0,50.0
2476,100.0,100.0
2477,100.0,67.5
2478,100.0,77.38095238095238
2479,100.0,76.25
2480,100.0,90.0
2481,94.44444444444444,74.56790123456788
2482,100.0,65.0
2483,100.0,50.0
2484,50.0,40.0
2485,100.0,68.45238095238095
2486,100.0,100.0
2487,100.0,95.0
2488,100.0,81.96969696969695
2489,94.11764705882352,70.58823529411765
2490,97.61904761904762,82.46031746031746
2491,100.0,45.666666666666664
2492,100.0,87.5
2493,100.0,81.37254901960785
2494,100.0,75.95238095238095
2495,100.0,73.48484848484848
2496,100.0,82.17171717171718
2497,100.0,56.33333333333332
2498,100.0,82.33333333333334
2499,100.0,81.47058823529412
2500,96.42857142857143,67.6190476190476
2501,100.0,72.22222222222221
2502,97.22222222222221,84.49074074074075
2503,100.0,62.96296296296296
2504,100.0,70.0
2505,100.0,62.5
2506,100.0,90.0
2507,100.0,50.0
2508,100.0,100.0
2509,100.0,40.0
2510,100.0,100.0
2511,87.5,81.25
2512,100.0,75.0
2513,100.0,78.0952380952381
2514,100.0,67.5
2515,100.0,100.0
2516,100.0,33.33333333333333
2517,100.0,83.33333333333334
2518,100.0,81.25
2519,100.0,87.5
2520,100.0,25.0
2521,100.0,50.0
2522,100.0,39.0
2523,100.0,100.0
2524,100.0,68.05555555555554
2525,100.0,45.55555555555556
2526,100.0,100.0
2527,100.0,73.33333333333333
2528,100.0,80.0
2529,100.0,33.33333333333333
2530,100.0,33.33333333333333
2531,100.0,65.0
2532,100.0,33.33333333333333
2533,100.0,61.11111111111111
2534,100.0,20.0
2535,100.0,25.0
2536,100.0,50.0
2537,100.0,80.0
2538,90.0,85.0
2539,100.0,20.0
2540,100.0,62.5
2541,100.0,66.66666666666666
2542,100.0,50.0
2543,100.0,45.0
2544,87.5,60.0
2545,100.0,67.66666666666666
2546,100.0,69.44444444444443
2547,100.0,78.33333333333333
2548,100.0,90.0
2549,100.0,93.33333333333333
2550,100.0,73.33333333333333
2551,100.0,76.66666666666667
2552,100.0,58.333333333333336
2553,100.0,91.66666666666666
2554,100.0,75.0
2555,100.0,37.5
2556,100.0,78.94736842105263
2557,100.0,77.38095238095238
2558,100.0,69.04761904761905
2559,100.0,100.0
2560,100.0,33.33333333333333
2561,100.0,61.11111111111111
2562,100.0,61.19047619047618
2563,100.0,63.589743589743584
2564,100.0,56.666666666666664
2565,100.0,100.0
2566,100.0,100.0
2567,100.0,87.08333333333333
2568,100.0,71.73913043478261
2569,100.0,63.888888888888886
2570,100.0,37.5
2571,100.0,81.66666666666667
2572,100.0,75.92592592592592
2573,100.0,67.61904761904762
2574,100.0,70.71428571428572
2575,100.0,65.45454545454545
2576,100.0,80.55555555555556
2577,100.0,73.33333333333334
2578,100.0,45.83333333333333
2579,100.0,79.48717948717949
2580,100.0,69.54545454545455
2581,100.0,100.0
2582,100.0,79.37499999999999
2583,100.0,74.77777777777777
2584,100.0,88.88888888888889
2585,100.0,72.66666666666666
2586,100.0,65.83333333333333
2587,100.0,66.7948717948718
2588,100.0,64.28571428571426
2589,100.0,63.33333333333333
2590,100.0,64.66666666666666
2591,100.0,69.02777777777777
2592,100.0,69.8198198198198
2593,94.73684210526315,76.79824561403508
2594,87.5,75.0
2595,100.0,69.0
2596,100.0,41.666666666666664
2597,100.0,63.95833333333334
2598,100.0,74.16666666666667
2599,100.0,77.29166666666667
2600,100.0,85.71428571428571
2601,100.0,60.111111111111114
2602,100.0,83.33333333333334
2603,100.0,100.0
2604,100.0,62.5
2605,100.0,93.33333333333333
2606,100.0,40.0
2607,100.0,56.25
2608,83.33333333333334,69.44444444444443
2609,100.0,57.33333333333333
2610,100.0,64.47916666666667
2611,75.0,66.66666666666666
2612,100.0,62.083333333333336
2613,100.0,75.0
2614,100.0,33.33333333333333
2615,100.0,100.0
2616,100.0,83.33333333333334
2617,100.0,33.33333333333333
2618,100.0,66.66666666666666
2619,100.0,33.33333333333333
2620,100.0,36.66666666666667
2621,100.0,59.00000000000001
2622,100.0,63.33333333333333
2623,100.0,63.888888888888886
2624,100.0,34.444444444444436
2625,100.0,100.0
2626,100.0,100.0
2627,90.0,60.0
2628,85.71428571428574,67.5
2629,100.0,46.87499999999999
2630,100.0,50.0
2631,100.0,75.83333333333333
2632,100.0,50.0
2633,100.0,53.95833333333333
2634,100.0,100.0
2635,100.0,84.00000000000001
2636,100.0,100.0
2637,100.0,75.0
2638,100.0,83.33333333333334
2639,95.23809523809523,69.6031746031746
2640,100.0,100.0
2641,100.0,79.76190476190476
2642,100.0,80.0
2643,100.0,90.0
2644,100.0,91.66666666666666
2645,100.0,60.0
2646,100.0,70.83333333333334
2647,100.0,100.0
2648,100.0,59.72222222222222
2649,100.0,55.55555555555555
2650,100.0,100.0
2651,100.0,83.33333333333333
2652,100.0,20.0
2653,100.0,100.0
2654,100.0,100.0
2655,100.0,100.0
2656,100.0,50.0
2657,100.0,100.0
2658,100.0,75.0
2659,100.0,40.0
2660,100.0,70.0
2661,100.0,67.77777777777777
2662,100.0,64.44444444444444
2663,100.0,91.66666666666666
2664,100.0,78.125
2665,100.0,61.25000000000001
2666,100.0,79.16666666666666
2667,94.5945945945946,70.67567567567568
2668,100.0,63.888888888888886
2669,100.0,73.72549019607844
2670,100.0,62.499999999999986
2671,100.0,91.25
2672,100.0,75.28985507246375
2673,100.0,75.41666666666667
2674,100.0,76.42857142857142
2675,100.0,69.04761904761904
2676,100.0,87.5
2677,100.0,58.33333333333333
2678,100.0,37.5
2679,100.0,93.33333333333333
2680,100.0,100.0
2681,100.0,100.0
2682,100.0,87.5
2683,100.0,83.33333333333333
2684,100.0,82.66666666666666
2685,100.0,100.0
2686,100.0,50.0
2687,100.0,67.70833333333334
2688,100.0,83.33333333333333
2689,94.44444444444444,72.22222222222223
2690,100.0,80.0
2691,100.0,80.60606060606061
2692,100.0,100.0
2693,100.0,71.33333333333333
2694,100.0,83.23232323232322
2695,100.0,71.90476190476191
2696,100.0,78.62745098039215
2697,100.0,63.74999999999999
2698,100.0,66.66666666666666
2699,90.9090909090909,64.39393939393938
2700,100.0,70.0
2701,100.0,48.75
2702,100.0,59.09090909090909
2703,100.0,78.57142857142857
2704,100.0,95.83333333333334
2705,100.0,76.66666666666666
2706,100.0,64.44444444444444
2707,75.0,57.49999999999999
2708,100.0,78.0
2709,100.0,86.66666666666666
2710,100.0,75.0
2711,100.0,76.02564102564102
2712,87.5,70.83333333333333
2713,100.0,91.66666666666666
2714,100.0,41.666666666666664
2715,100.0,72.22222222222221
2716,100.0,100.0
2717,100.0,33.33333333333333
2718,100.0,66.66666666666666
2719,100.0,100.0
2720,100.0,100.0
2721,100.0,50.0
2722,100.0,66.66666666666666
2723,100.0,66.66666666666666
2724,100.0,90.0
2725,100.0,50.0
2726,100.0,50.0
2727,100.0,62.5
2728,100.0,100.0
2729,100.0,100.0
2730,100.0,100.0
2731,100.0,100.0
2732,100.0,100.0
2733,100.0,25.0
2734,100.0,60.0
2735,100.0,41.666666666666664
2736,100.0,100.0
2737,100.0,41.666666666666664
2738,100.0,75.0
2739,100.0,100.0
2740,100.0,50.0
2741,100.0,25.0
2742,100.0,25.0
2743,100.0,25.0
2744,100.0,50.0
2745,100.0,50.0
2746,100.0,33.33333333333333
2747,100.0,100.0
2748,100.0,50.0
2749,100.0,100.0
2750,100.0,100.0
2751,100.0,33.33333333333333
2752,100.0,50.0
2753,100.0,25.0
2754,100.0,100.0
2755,100.0,100.0
2756,100.0,100.0
2757,100.0,73.33333333333334
2758,100.0,54.30555555555555
2759,100.0,62.5
2760,100.0,86.66666666666666
2761,100.0,62.5
2762,97.14285714285714,58.380952380952365
2763,100.0,93.75
2764,100.0,33.33333333333333
2765,100.0,100.0
2766,87.5,68.75
2767,94.73684210526315,81.31578947368422
2768,100.0,33.33333333333333
2769,92.3076923076923,79.48717948717949
2770,100.0,50.0
2771,100.0,100.0
2772,100.0,75.0
2773,100.0,50.0
2774,100.0,100.0
2775,100.0,100.0
2776,100.0,100.0
2777,100.0,20.0
2778,100.0,100.0
2779,100.0,54.166666666666664
2780,100.0,100.0
2781,100.0,33.33333333333333
2782,100.0,26.111111111111107
2783,100.0,100.0
2784,100.0,33.33333333333333
2785,100.0,25.0
2786,100.0,20.0
2787,100.0,100.0
2788,100.0,50.0
2789,100.0,50.0
2790,100.0,100.0
2791,100.0,80.0
2792,100.0,100.0
2793,100.0,20.0
2794,100.0,40.0
2795,100.0,65.83333333333333
2796,100.0,36.66666666666667
2797,100.0,66.66666666666666
2798,100.0,80.0
2799,100.0,50.0
2800,100.0,75.0
2801,100.0,66.66666666666666
2802,100.0,66.66666666666666
2803,100.0,62.22222222222222
2804,100.0,100.0
2805,100.0,100.0
2806,100.0,50.0
2807,100.0,75.0
2808,100.0,100.0
2809,100.0,50.0
2810,100.0,73.33333333333334
2811,100.0,60.0
2812,100.0,50.0
2813,100.0,50.0
2814,100.0,100.0
2815,100.0,55.55555555555555
2816,100.0,40.0
2817,100.0,80.0
2818,100.0,50.0
2819,50.0,50.0
2820,100.0,100.0
2821,100.0,100.0
2822,100.0,100.0
2823,100.0,40.0
2824,100.0,100.0
2825,100.0,100.0
2826,100.0,100.0
2827,100.0,100.0
2828,100.0,100.0
2829,100.0,100.0
2830,100.0,100.0
2831,100.0,50.0
2832,100.0,100.0
2833,100.0,80.0
2834,100.0,100.0
2835,100.0,83.33333333333333
2836,100.0,79.16666666666666
2837,100.0,100.0
2838,100.0,33.33333333333333
2839,100.0,33.33333333333333
2840,100.0,75.0
2841,100.0,76.19047619047619
2842,100.0,100.0
2843,100.0,80.0
2844,100.0,100.0
2845,100.0,20.0
2846,100.0,33.33333333333333
2847,100.0,100.0
2848,100.0,85.00000000000001
2849,100.0,50.0
2850,75.0,68.75
2851,100.0,75.0
2852,100.0,81.48148148148148
2853,100.0,50.0
2854,100.0,33.33333333333333
2855,100.0,50.83333333333333
2856,100.0,66.66666666666666
2857,100.0,20.0
2858,100.0,33.33333333333333
2859,100.0,50.0
2860,100.0,41.666666666666664
2861,100.0,100.0
2862,100.0,75.0
2863,100.0,55.55555555555555
2864,100.0,90.0
2865,100.0,50.0
2866,100.0,22.5
2867,100.0,100.0
2868,80.0,61.00000000000001
2869,100.0,100.0
2870,100.0,88.88888888888889
2871,100.0,83.33333333333333
2872,100.0,75.0
2873,100.0,20.0
2874,100.0,45.0
2875,100.0,100.0
2876,100.0,100.0
2877,100.0,73.33333333333334
2878,100.0,33.33333333333333
2879,100.0,50.0
2880,100.0,41.666666666666664
2881,100.0,25.0
2882,100.0,76.66666666666666
2883,100.0,50.0
2884,100.0,100.0
2885,100.0,50.0
2886,100.0,100.0
2887,100.0,100.0
2888,100.0,62.5
2889,100.0,100.0
2890,100.0,88.88888888888889
2891,100.0,83.33333333333333
2892,100.0,91.66666666666666
2893,100.0,83.33333333333333
2894,100.0,33.33333333333333
2895,100.0,66.66666666666666
2896,100.0,62.66666666666667
2897,100.0,75.0
2898,100.0,83.33333333333333
2899,100.0,100.0
2900,100.0,86.1111111111111
2901,100.0,75.41666666666667
2902,100.0,50.0
2903,100.0,70.83333333333334
2904,100.0,37.5
2905,100.0,50.0
2906,100.0,100.0
2907,100.0,75.0
2908,100.0,93.33333333333333
2909,100.0,68.75
2910,100.0,100.0
2911,100.0,83.33333333333333
2912,100.0,90.71428571428571
2913,100.0,100.0
2914,90.9090909090909,86.06060606060606
2915,100.0,97.14285714285714
2916,100.0,81.81818181818183
2917,83.33333333333334,58.333333333333336
2918,100.0,50.0
2919,100.0,75.0
2920,100.0,75.0
2921,100.0,100.0
2922,100.0,75.0
2923,100.0,50.0
2924,100.0,50.0
2925,92.85714285714286,69.04761904761905
2926,91.66666666666666,64.16666666666667
2927,100.0,100.0
2928,85.71428571428571,85.71428571428571
2929,100.0,87.5
2930,100.0,100.0
2931,100.0,33.33333333333333
2932,100.0,100.0
2933,100.0,50.4
2934,100.0,100.0
2935,100.0,88.88888888888889
2936,100.0,66.66666666666666
2937,100.0,68.88888888888887
2938,100.0,70.0
2939,100.0,59.52380952380951
2940,100.0,100.0
2941,100.0,84.12698412698413
2942,100.0,100.0
2943,100.0,90.0
2944,100.0,77.22222222222221
2945,100.0,80.0
2946,100.0,52.77777777777778
2947,100.0,65.0
2948,100.0,100.0
2949,100.0,61.11111111111111
2950,100.0,62.5
2951,100.0,83.33333333333334
2952,100.0,62.5
2953,100.0,100.0
2954,100.0,100.0
2955,100.0,100.0
2956,100.0,75.0
2957,100.0,100.0
2958,100.0,100.0
2959,100.0,20.0
2960,100.0,78.33333333333331
2961,100.0,75.0
2962,100.0,70.83333333333333
2963,100.0,66.66666666666666
2964,100.0,82.66666666666666
2965,100.0,64.44444444444444
2966,100.0,50.0
2967,100.0,74.16666666666667
2968,100.0,75.0
2969,100.0,41.666666666666664
2970,100.0,93.75
2971,96.42857142857142,79.40476190476191
2972,100.0,66.66666666666666
2973,100.0,100.0
2974,100.0,20.0
2975,100.0,100.0
2976,100.0,100.0
2977,100.0,78.33333333333333
2978,100.0,38.33333333333333
2979,100.0,100.0
2980,100.0,25.0
2981,100.0,90.0
2982,100.0,50.0
2983,100.0,80.0
2984,100.0,65.55555555555556
2985,100.0,93.33333333333333
2986,100.0,75.55555555555556
2987,100.0,100.0
2988,100.0,70.0
2989,90.9090909090909,81.51515151515153
2990,100.0,100.0
2991,100.0,83.80952380952381
2992,100.0,79.16666666666666
2993,100.0,52.77777777777778
2994,100.0,81.66666666666667
2995,50.0,37.5
2996,100.0,20.0
2997,100.0,100.0
2998,66.66666666666666,50.0
2999,100.0,100.0
3000,100.0,50.0
3001,100.0,80.0
3002,100.0,25.0
3003,100.0,100.0
3004,100.0,100.0
3005,100.0,50.0
3006,100.0,50.0
3007,100.0,33.33333333333333
3008,100.0,25.0
3009,100.0,100.0
3010,100.0,66.66666666666666
3011,100.0,25.0
3012,100.0,100.0
3013,100.0,50.0
3014,100.0,100.0
3015,100.0,50.0
3016,100.0,100.0
3017,100.0,100.0
3018,100.0,100.0
3019,100.0,50.0
3020,100.0,63.33333333333333
3021,100.0,75.0
3022,100.0,100.0
3023,100.0,100.0
3024,100.0,100.0
3025,100.0,50.0
3026,100.0,100.0
3027,100.0,100.0
3028,100.0,100.0
3029,100.0,100.0
3030,100.0,72.22222222222221
3031,100.0,100.0
3032,100.0,75.0
3033,100.0,100.0
3034,100.0,94.44444444444443
3035,100.0,100.0
3036,100.0,100.0
3037,100.0,100.0
3038,100.0,80.55555555555554
3039,100.0,100.0
3040,100.0,62.5
3041,100.0,80.0
3042,66.66666666666666,43.333333333333336
3043,100.0,88.88888888888889
3044,100.0,100.0
3045,100.0,25.0
3046,100.0,50.0
3047,100.0,100.0
3048,100.0,40.0
3049,100.0,83.33333333333334
3050,100.0,100.0
3051,100.0,100.0
3052,100.0,33.33333333333333
3053,100.0,75.0
3054,100.0,20.0
3055,100.0,88.88888888888889
3056,100.0,50.0
3057,100.0,100.0
3058,100.0,53.333333333333336
3059,100.0,62.5
3060,100.0,100.0
3061,100.0,66.66666666666666
3062,100.0,25.0
3063,66.66666666666666,50.0
3064,100.0,50.0
3065,100.0,25.0
3066,100.0,91.66666666666666
3067,100.0,66.66666666666666
3068,100.0,58.03030303030303
3069,100.0,58.33333333333333
3070,100.0,100.0
3071,100.0,75.0
3072,100.0,50.0
3073,100.0,75.0
3074,100.0,75.0
3075,100.0,65.0
3076,100.0,76.66666666666666
3077,100.0,75.0
3078,50.0,33.33333333333333
3079,66.66666666666666,49.99999999999999
3080,100.0,70.0
3081,100.0,75.0
3082,50.0,37.5
3083,100.0,79.16666666666666
3084,100.0,83.33333333333334
3085,100.0,76.66666666666666
3086,100.0,100.0
3087,100.0,25.0
3088,100.0,100.0
3089,100.0,75.0
3090,100.0,66.66666666666666
3091,100.0,50.0
3092,100.0,66.66666666666666
3093,100.0,87.5
3094,100.0,100.0
3095,100.0,100.0
3096,100.0,100.0
3097,100.0,100.0
3098,100.0,54.166666666666664
3099,100.0,100.0
3100,100.0,50.0
3101,100.0,41.666666666666664
3102,100.0,100.0
3103,100.0,38.888888888888886
3104,100.0,50.0
3105,100.0,100.0
3106,100.0,100.0
3107,100.0,80.0
3108,100.0,100.0
3109,100.0,25.0
3110,100.0,20.0
3111,100.0,50.0
3112,100.0,41.666666666666664
3113,100.0,62.5
3114,100.0,100.0
3115,100.0,100.0
3116,100.0,40.0
3117,100.0,40.0
3118,100.0,20.0
3119,100.0,75.0
3120,100.0,33.33333333333333
3121,100.0,66.66666666666666
3122,100.0,75.0
3123,100.0,33.33333333333333
3124,100.0,33.33333333333333
3125,100.0,60.0
3126,100.0,100.0
3127,100.0,100.0
3128,100.0,75.0
3129,100.0,50.0
3130,100.0,25.0
3131,100.0,100.0
3132,100.0,100.0
3133,100.0,20.0
3134,100.0,100.0
3135,100.0,100.0
3136,100.0,50.0
3137,50.0,40.0
3138,100.0,50.0
3139,100.0,25.0
3140,100.0,20.0
3141,100.0,75.0
